unit_id,true_RUL,pred_RUL,error,abs_error
79,63.0,113.63907790006586,50.63907790006586,50.63907790006586
27,66.0,112.9595249614785,46.95952496147849,46.95952496147849
18,28.0,72.51695594399513,44.51695594399513,44.51695594399513
93,85.0,41.791580998878764,-43.208419001121236,43.208419001121236
37,21.0,62.693865350339884,41.693865350339884,41.693865350339884
45,114.0,74.38427261069671,-39.61572738930329,39.61572738930329
67,77.0,112.76335956598865,35.76335956598865,35.76335956598865
12,124.0,89.90943963109277,-34.090560368907234,34.090560368907234
72,50.0,82.53324920083742,32.53324920083742,32.53324920083742
15,83.0,114.77482840953093,31.774828409530926,31.774828409530926
41,18.0,49.53632396273733,31.536323962737328,31.536323962737328
25,145.0,114.92981877832922,-30.07018122167078,30.07018122167078
47,135.0,106.5341906620942,-28.465809337905796,28.465809337905796
89,136.0,107.65254584410988,-28.34745415589012,28.34745415589012
50,79.0,106.96919509666641,27.96919509666641,27.96919509666641
98,59.0,86.46987103294207,27.469871032942066,27.469871032942066
16,84.0,111.29734562314454,27.297345623144537,27.297345623144537
74,126.0,99.32765412812822,-26.672345871871784,26.672345871871784
55,137.0,111.56982546707613,-25.43017453292387,25.43017453292387
83,137.0,112.88023704250517,-24.119762957494828,24.119762957494828
19,87.0,110.49372168706338,23.493721687063385,23.493721687063385
43,59.0,82.13365274390524,23.133652743905245,23.133652743905245
54,97.0,118.99668506928107,21.99668506928107,21.99668506928107
39,142.0,120.33139031650639,-21.668609683493614,21.668609683493614
30,115.0,93.57883083346634,-21.42116916653366,21.42116916653366
61,21.0,41.378070561130656,20.378070561130656,20.378070561130656
73,131.0,112.54764275697238,-18.45235724302762,18.45235724302762
48,92.0,109.66476935874556,17.66476935874556,17.66476935874556
78,107.0,123.72214922669504,16.722149226695038,16.722149226695038
96,137.0,120.33005006815723,-16.669949931842766,16.669949931842766
91,38.0,21.508119390772322,-16.491880609227678,16.491880609227678
21,57.0,72.89166730777453,15.891667307774526,15.891667307774526
5,91.0,106.31404924022746,15.314049240227462,15.314049240227462
95,128.0,112.69917713774439,-15.300822862255615,15.300822862255615
6,93.0,108.23035819726275,15.230358197262746,15.230358197262746
7,91.0,105.77436871101403,14.774368711014034,14.774368711014034
2,98.0,112.6712114127821,14.6712114127821,14.6712114127821
58,37.0,51.56402893443605,14.564028934436053,14.564028934436053
77,34.0,48.230863220710546,14.230863220710546,14.230863220710546
3,69.0,55.396640038731135,-13.603359961268865,13.603359961268865
4,82.0,95.00601224814417,13.006012248144174,13.006012248144174
53,26.0,38.8452106620538,12.845210662053802,12.845210662053802
70,94.0,106.66135293733687,12.661352937336872,12.661352937336872
10,96.0,107.95515271654622,11.955152716546223,11.955152716546223
11,97.0,85.90740513188291,-11.09259486811709,11.09259486811709
84,58.0,68.93498369385304,10.934983693853042,10.934983693853042
42,10.0,20.340053616228207,10.340053616228207,10.340053616228207
64,28.0,37.82078796761057,9.82078796761057,9.82078796761057
52,29.0,38.76543320938829,9.765433209388291,9.765433209388291
24,20.0,28.896197888961886,8.896197888961886,8.896197888961886
85,118.0,109.38106942226433,-8.618930577735668,8.618930577735668
14,107.0,98.40831697224881,-8.591683027751188,8.591683027751188
69,121.0,112.49278482656221,-8.507215173437785,8.507215173437785
86,89.0,96.58538960255709,7.585389602557086,7.585389602557086
57,103.0,95.6246873009451,-7.375312699054902,7.375312699054902
23,113.0,119.71565052376496,6.715650523764964,6.715650523764964
28,97.0,103.61700856391552,6.617008563915519,6.617008563915519
1,112.0,117.96503969650847,5.9650396965084695,5.9650396965084695
71,118.0,112.03780392909084,-5.962196070909158,5.962196070909158
60,100.0,105.73873452562346,5.738734525623457,5.738734525623457
13,95.0,100.63094414701798,5.630944147017985,5.630944147017985
51,114.0,108.42257556371645,-5.57742443628355,5.57742443628355
8,95.0,100.45295525790205,5.4529552579020475,5.4529552579020475
88,115.0,109.57717866817167,-5.422821331828331,5.422821331828331
65,128.0,122.68135316209673,-5.318646837903273,5.318646837903273
17,50.0,55.30944112933723,5.30944112933723,5.30944112933723
40,28.0,33.22874767826427,5.22874767826427,5.22874767826427
29,90.0,95.21231575872072,5.21231575872072,5.21231575872072
68,8.0,13.163223626808536,5.163223626808536,5.163223626808536
32,48.0,53.09796787318405,5.0979678731840465,5.0979678731840465
97,82.0,87.06427791525284,5.064277915252845,5.064277915252845
31,8.0,12.82454186769483,4.82454186769483,4.82454186769483
82,9.0,13.508948029348476,4.508948029348476,4.508948029348476
26,119.0,114.66777518663379,-4.33222481336621,4.33222481336621
80,90.0,94.28191869715148,4.281918697151482,4.281918697151482
59,114.0,118.25830912399844,4.258309123998444,4.258309123998444
63,72.0,76.21276710861655,4.212767108616546,4.212767108616546
62,54.0,49.86333740149832,-4.13666259850168,4.13666259850168
99,117.0,121.08400120814544,4.0840012081454375,4.0840012081454375
66,14.0,17.914625645077425,3.9146256450774253,3.9146256450774253
94,55.0,58.58591453614826,3.585914536148259,3.585914536148259
38,50.0,47.04954858520192,-2.9504514147980814,2.9504514147980814
100,20.0,22.55198938006429,2.5519893800642883,2.5519893800642883
33,106.0,103.82768911060818,-2.1723108893918237,2.1723108893918237
22,111.0,113.16381829343618,2.1638182934361794,2.1638182934361794
90,28.0,29.904402175415985,1.904402175415985,1.904402175415985
87,116.0,117.72976670988105,1.7297667098810479,1.7297667098810479
20,16.0,17.289591750596795,1.289591750596795,1.289591750596795
49,21.0,19.717649179404294,-1.2823508205957062,1.2823508205957062
35,11.0,9.781844408310912,-1.2181555916890883,1.2181555916890883
81,8.0,6.9152144118468915,-1.0847855881531085,1.0847855881531085
56,15.0,13.920493037476204,-1.079506962523796,1.079506962523796
44,109.0,110.00971983221253,1.0097198322125251,1.0097198322125251
9,111.0,110.10880443003931,-0.8911955699606864,0.8911955699606864
36,19.0,19.781937418752115,0.7819374187521149,0.7819374187521149
76,10.0,10.775453660365374,0.7754536603653737,0.7754536603653737
92,20.0,19.513129386611453,-0.48687061338854676,0.48687061338854676
34,7.0,7.406748708301642,0.40674870830164167,0.40674870830164167
46,47.0,47.25909571052713,0.2590957105271272,0.2590957105271272
75,113.0,113.19125230997014,0.19125230997013887,0.19125230997013887
