feature,importance
sensor_4_roll_mean,0.3670328
sensor_11_roll_mean,0.16663884
sensor_15_roll_mean,0.1297999
sensor_2_roll_mean,0.050691288
sensor_9_roll_mean,0.041073184
sensor_3_roll_mean,0.024197053
sensor_9,0.021895599
sensor_17_roll_mean,0.021417307
sensor_21_roll_mean,0.02073365
sensor_20_roll_mean,0.01831506
sensor_12_roll_mean,0.016650109
sensor_7_roll_mean,0.009625832
sensor_14_roll_mean,0.0061987243
sensor_13_roll_mean,0.005742314
sensor_14,0.005398431
sensor_6_roll_std,0.004824975
sensor_12,0.0039569107
sensor_7,0.0039526634
sensor_15,0.003143216
sensor_11,0.002920819
